epoche	train err	probe err	elapsed time
0	1.692382	1.613033	0.372315
1	1.521039	1.560171	0.387780
2	1.464476	1.534432	0.364573
3	1.430025	1.516137	0.385712
4	1.402255	1.499560	0.364175
5	1.377090	1.484587	0.274182
6	1.354314	1.472393	0.285889
7	1.333795	1.462617	0.308253
8	1.314420	1.453925	0.271308
9	1.294989	1.445244	0.271920
10	1.274748	1.435975	0.279437
11	1.253289	1.425800	0.295121
12	1.230389	1.414556	0.273622
13	1.205960	1.402185	0.269200
14	1.180051	1.388741	0.277398
15	1.152869	1.374389	0.275951
16	1.124781	1.359405	0.268231
17	1.096272	1.344146	0.277778
18	1.067867	1.328996	0.264925
19	1.040041	1.314311	0.276594
20	1.013159	1.300372	0.267553
21	0.987455	1.287362	0.278693
22	0.963047	1.275377	0.290549
23	0.939975	1.264436	0.298026
24	0.918231	1.254513	0.316135
25	0.897782	1.245549	0.327898
26	0.878580	1.237474	0.283136
27	0.860568	1.230212	0.280650
28	0.843686	1.223689	0.284593
29	0.827872	1.217834	0.275147
30	0.813064	1.212586	0.284330
31	0.799202	1.207886	0.288711
32	0.786229	1.203685	0.266964
33	0.774091	1.199936	0.279315
34	0.762734	1.196598	0.284848
35	0.752110	1.193634	0.299450
36	0.742172	1.191009	0.289376
37	0.732875	1.188694	0.280110
38	0.724176	1.186659	0.290070
39	0.716034	1.184878	0.289365
40	0.708413	1.183327	0.279984
41	0.701275	1.181983	0.274382
42	0.694587	1.180826	0.295081
43	0.688317	1.179838	0.285798
44	0.682435	1.179000	0.280272
45	0.676915	1.178299	0.310930
46	0.671731	1.177718	0.309989
47	0.666859	1.177246	0.322370
48	0.662278	1.176871	0.295307
49	0.657968	1.176582	0.297701
50	0.653911	1.176370	0.277960
51	0.650089	1.176226	0.269589
52	0.646488	1.176143	0.298471
53	0.643093	1.176113	0.282939
54	0.639891	1.176130	0.278201
55	0.636870	1.176189	0.276167
56	0.634017	1.176284	0.294492
57	0.631323	1.176412	0.277567
58	0.628779	1.176567	0.282137
59	0.626374	1.176747	0.322705
60	0.624100	1.176948	0.300106
61	0.621950	1.177166	0.301012
62	0.619916	1.177401	0.292877
63	0.617991	1.177648	0.290762
64	0.616169	1.177906	0.278031
65	0.614444	1.178173	0.307164
66	0.612810	1.178448	0.298826
67	0.611261	1.178729	0.284056
68	0.609794	1.179013	0.296749
69	0.608402	1.179302	0.286098
70	0.607083	1.179592	0.296257
71	0.605831	1.179884	0.298380
72	0.604643	1.180176	0.286082
73	0.603515	1.180467	0.289605
74	0.602444	1.180758	0.273217
75	0.601427	1.181047	0.284163
76	0.600460	1.181334	0.287669
77	0.599541	1.181618	0.283772
78	0.598668	1.181899	0.286807
79	0.597836	1.182177	0.276447
80	0.597046	1.182451	0.307310
81	0.596293	1.182722	0.292075
82	0.595576	1.182988	0.281401
83	0.594894	1.183250	0.284851
84	0.594244	1.183508	0.286501
85	0.593624	1.183762	0.276617
86	0.593033	1.184011	0.275007
87	0.592469	1.184255	0.287235
88	0.591932	1.184495	0.268913
89	0.591419	1.184729	0.276348
90	0.590929	1.184960	0.282468
91	0.590461	1.185185	0.259769
92	0.590014	1.185406	0.259727
93	0.589587	1.185623	0.259688
94	0.589179	1.185834	0.269173
95	0.588789	1.186042	0.272337
96	0.588416	1.186244	0.264183
97	0.588059	1.186443	0.264415
98	0.587717	1.186637	0.280069
99	0.587390	1.186826	0.276359
100	0.587076	1.187012	0.272256
101	0.586776	1.187193	0.280651
102	0.586488	1.187371	0.278945
103	0.586212	1.187544	0.272950
104	0.585948	1.187713	0.270929
105	0.585694	1.187879	0.287867
106	0.585451	1.188041	0.277671
107	0.585218	1.188199	0.274558
108	0.584993	1.188354	0.270889
109	0.584778	1.188505	0.291213
110	0.584571	1.188653	0.273026
111	0.584373	1.188798	0.275845
112	0.584182	1.188939	0.275923
113	0.583998	1.189077	0.262098
114	0.583822	1.189212	0.265236
115	0.583652	1.189344	0.262645
116	0.583489	1.189473	0.277385
117	0.583332	1.189599	0.267619
118	0.583181	1.189723	0.262304
119	0.583035	1.189844	0.260988
120	0.582895	1.189962	0.279375
121	0.582760	1.190077	0.263797
122	0.582630	1.190190	0.263515
123	0.582505	1.190301	0.269279
124	0.582384	1.190409	0.264156
125	0.582267	1.190514	0.267616
126	0.582155	1.190618	0.263891
127	0.582046	1.190719	0.277733
128	0.581942	1.190818	0.268884
129	0.581841	1.190915	0.262872
130	0.581743	1.191010	0.290318
131	0.581649	1.191103	0.301501
132	0.581559	1.191194	0.280017
133	0.581471	1.191283	0.309041
134	0.581386	1.191370	0.361052
135	0.581304	1.191455	0.305736
136	0.581225	1.191539	0.279678
137	0.581148	1.191621	0.300490
138	0.581074	1.191701	0.281888
139	0.581003	1.191779	0.277131
140	0.580934	1.191856	0.286398
141	0.580867	1.191931	0.283463
142	0.580802	1.192005	0.287960
143	0.580739	1.192077	0.267883
144	0.580678	1.192148	0.296596
145	0.580619	1.192217	0.283843
146	0.580562	1.192285	0.282928
147	0.580507	1.192352	0.270380
148	0.580454	1.192417	0.289163
149	0.580402	1.192481	0.281102
150	0.580352	1.192543	0.266947
151	0.580303	1.192605	0.295625
152	0.580256	1.192665	0.288610
153	0.580210	1.192724	0.273193
154	0.580165	1.192782	0.271460
155	0.580122	1.192838	0.296638
156	0.580080	1.192894	0.288064
157	0.580040	1.192948	0.268897
158	0.580000	1.193001	0.286423
159	0.579962	1.193053	0.300837
160	0.579925	1.193105	0.314986
161	0.579889	1.193155	0.326803
162	0.579853	1.193204	0.382558
163	0.579819	1.193252	0.315896
164	0.579786	1.193300	0.280486
165	0.579754	1.193346	0.281425
166	0.579722	1.193392	0.268861
167	0.579692	1.193436	0.279516
168	0.579662	1.193480	0.282632
169	0.579633	1.193523	0.285288
170	0.579605	1.193565	0.279848
171	0.579578	1.193606	0.274027
172	0.579551	1.193647	0.286045
173	0.579525	1.193687	0.261231
174	0.579500	1.193726	0.275509
175	0.579475	1.193764	0.277329
176	0.579451	1.193801	0.276585
177	0.579428	1.193838	0.264939
178	0.579405	1.193874	0.267728
179	0.579383	1.193909	0.281441
180	0.579361	1.193944	0.276819
181	0.579340	1.193978	0.275247
182	0.579319	1.194012	0.266072
183	0.579299	1.194044	0.282961
184	0.579279	1.194077	0.268116
185	0.579260	1.194108	0.261528
186	0.579241	1.194139	0.262063
187	0.579223	1.194169	0.276540
188	0.579205	1.194199	0.264956
189	0.579187	1.194228	0.259918
190	0.579170	1.194257	0.259244
191	0.579153	1.194285	0.274326
192	0.579137	1.194313	0.264946
193	0.579121	1.194340	0.262473
194	0.579105	1.194367	0.283641
195	0.579090	1.194393	0.265455
196	0.579075	1.194419	0.260097
197	0.579060	1.194444	0.264763
198	0.579046	1.194469	0.270015
199	0.579031	1.194493	0.262691
200	0.579018	1.194517	0.262330
201	0.579004	1.194540	0.264019
202	0.578991	1.194563	0.276597
203	0.578978	1.194586	0.264421
204	0.578965	1.194608	0.262388
205	0.578953	1.194629	0.269907
206	0.578940	1.194651	0.271404
207	0.578928	1.194672	0.260541
208	0.578916	1.194692	0.259942
209	0.578905	1.194712	0.269265
210	0.578893	1.194732	0.262989
211	0.578882	1.194752	0.266996
212	0.578871	1.194771	0.261351
213	0.578860	1.194790	0.280564
214	0.578850	1.194808	0.262212
215	0.578839	1.194826	0.259485
216	0.578829	1.194844	0.269720
217	0.578819	1.194862	0.272868
218	0.578809	1.194879	0.268602
219	0.578799	1.194896	0.267695
220	0.578789	1.194912	0.271093
221	0.578780	1.194929	0.268576
222	0.578771	1.194945	0.263290
223	0.578761	1.194960	0.260808
224	0.578752	1.194976	0.289561
225	0.578744	1.194991	0.262700
226	0.578735	1.195006	0.261481
227	0.578726	1.195020	0.261025
228	0.578718	1.195035	0.277408
229	0.578709	1.195049	0.260197
230	0.578701	1.195063	0.264148
231	0.578693	1.195077	0.263766
232	0.578685	1.195090	0.272048
233	0.578677	1.195103	0.262523
234	0.578669	1.195116	0.263729
235	0.578661	1.195129	0.266532
236	0.578653	1.195142	0.264846
237	0.578646	1.195154	0.265718
238	0.578638	1.195166	0.261340
239	0.578631	1.195178	0.275996
240	0.578624	1.195190	0.263030
241	0.578617	1.195201	0.262484
242	0.578610	1.195213	0.263664
243	0.578602	1.195224	0.277855
244	0.578596	1.195235	0.264947
245	0.578589	1.195245	0.262212
246	0.578582	1.195256	0.260698
247	0.578575	1.195267	0.271784
248	0.578569	1.195277	0.264529
249	0.578562	1.195287	0.262904
250	0.578555	1.195297	0.262063
251	0.578549	1.195307	0.279111
252	0.578543	1.195316	0.331545
253	0.578536	1.195326	0.292221
254	0.578530	1.195335	0.313818
255	0.578524	1.195344	0.280880
256	0.578518	1.195353	0.284361
257	0.578512	1.195362	0.303062
258	0.578506	1.195371	0.319835
259	0.578500	1.195379	0.281468
260	0.578494	1.195388	0.267101
261	0.578488	1.195396	0.276817
262	0.578482	1.195404	0.264096
263	0.578476	1.195413	0.260973
264	0.578471	1.195421	0.274759
265	0.578465	1.195428	0.262788
266	0.578459	1.195436	0.273091
267	0.578454	1.195444	0.277800
268	0.578448	1.195451	0.307799
269	0.578443	1.195459	0.281984
270	0.578437	1.195466	0.271934
271	0.578432	1.195473	0.268889
272	0.578427	1.195480	0.293549
273	0.578421	1.195487	0.313463
274	0.578416	1.195494	0.278810
275	0.578411	1.195501	0.306688
276	0.578406	1.195507	0.271408
277	0.578401	1.195514	0.269815
278	0.578395	1.195520	0.270330
279	0.578390	1.195527	0.287997
280	0.578385	1.195533	0.272867
281	0.578380	1.195539	0.270824
282	0.578375	1.195545	0.287915
283	0.578370	1.195551	0.272568
284	0.578365	1.195557	0.272990
285	0.578360	1.195563	0.273014
286	0.578356	1.195569	0.286008
287	0.578351	1.195574	0.271277
288	0.578346	1.195580	0.268917
289	0.578341	1.195586	0.277912
290	0.578336	1.195591	0.272871
291	0.578332	1.195596	0.276543
292	0.578327	1.195602	0.271783
293	0.578322	1.195607	0.291928
294	0.578318	1.195612	0.273337
295	0.578313	1.195617	0.269949
296	0.578308	1.195622	0.270856
297	0.578304	1.195627	0.278294
298	0.578299	1.195632	0.277415
299	0.578295	1.195637	0.269373
300	0.578290	1.195642	0.279053
301	0.578286	1.195647	0.267596
302	0.578281	1.195651	0.270015
303	0.578277	1.195656	0.269447
304	0.578273	1.195660	0.291261
305	0.578268	1.195665	0.270259
306	0.578264	1.195669	0.270017
307	0.578259	1.195674	0.270808
308	0.578255	1.195678	0.284204
309	0.578251	1.195682	0.269062
310	0.578246	1.195687	0.268549
311	0.578242	1.195691	0.283839
312	0.578238	1.195695	0.270982
313	0.578234	1.195699	0.270334
314	0.578230	1.195703	0.269648
315	0.578225	1.195707	0.289353
316	0.578221	1.195711	0.272606
317	0.578217	1.195715	0.267602
318	0.578213	1.195719	0.315928
319	0.578209	1.195723	0.365455
320	0.578205	1.195726	0.309810
321	0.578201	1.195730	0.287376
322	0.578196	1.195734	0.333054
323	0.578192	1.195738	0.319649
324	0.578188	1.195741	0.308505
325	0.578184	1.195745	0.326514
326	0.578180	1.195748	0.280384
327	0.578176	1.195752	0.290666
328	0.578172	1.195755	0.294159
329	0.578168	1.195759	0.280218
330	0.578164	1.195762	0.284786
331	0.578160	1.195766	0.281217
332	0.578157	1.195769	0.297303
333	0.578153	1.195772	0.284843
334	0.578149	1.195775	0.280396
335	0.578145	1.195779	0.298626
336	0.578141	1.195782	0.283261
337	0.578137	1.195785	0.282450
338	0.578133	1.195788	0.271670
339	0.578129	1.195791	0.307026
340	0.578126	1.195795	0.291136
341	0.578122	1.195798	0.273245
342	0.578118	1.195801	0.290750
343	0.578114	1.195804	0.282464
344	0.578110	1.195807	0.279450
345	0.578107	1.195810	0.271745
346	0.578103	1.195813	0.298437
347	0.578099	1.195816	0.270545
348	0.578096	1.195818	0.282766
349	0.578092	1.195821	0.289747
350	0.578088	1.195824	0.275771
351	0.578084	1.195827	0.275209
352	0.578081	1.195830	0.317323
353	0.578077	1.195833	0.314702
354	0.578073	1.195835	0.303046
355	0.578070	1.195838	0.279688
356	0.578066	1.195841	0.301691
357	0.578063	1.195843	0.273872
358	0.578059	1.195846	0.291485
359	0.578055	1.195849	0.344030
360	0.578052	1.195851	0.279031
361	0.578048	1.195854	0.274131
362	0.578045	1.195857	0.274576
363	0.578041	1.195859	0.290567
364	0.578038	1.195862	0.273395
365	0.578034	1.195864	0.277891
366	0.578030	1.195867	0.294193
367	0.578027	1.195869	0.286062
368	0.578023	1.195872	0.329317
369	0.578020	1.195874	0.283902
370	0.578016	1.195877	0.300294
371	0.578013	1.195879	0.270177
372	0.578010	1.195882	0.336863
373	0.578006	1.195884	0.371472
374	0.578003	1.195887	0.288875
375	0.577999	1.195889	0.267941
376	0.577996	1.195892	0.294233
377	0.577992	1.195894	0.269275
378	0.577989	1.195896	0.269754
379	0.577985	1.195899	0.267881
380	0.577982	1.195901	0.282126
381	0.577979	1.195903	0.269669
382	0.577975	1.195906	0.266888
383	0.577972	1.195908	0.267595
384	0.577969	1.195910	0.299588
385	0.577965	1.195912	0.269290
386	0.577962	1.195915	0.268998
387	0.577959	1.195917	0.285649
388	0.577955	1.195919	0.275367
389	0.577952	1.195921	0.268705
390	0.577949	1.195924	0.270136
391	0.577945	1.195926	0.279911
392	0.577942	1.195928	0.270490
393	0.577939	1.195930	0.268484
394	0.577935	1.195933	0.279551
395	0.577932	1.195935	0.275241
396	0.577929	1.195937	0.267640
397	0.577926	1.195939	0.268934
398	0.577922	1.195941	0.285151
399	0.577919	1.195943	0.272688
400	0.577916	1.195945	0.270816
401	0.577913	1.195948	0.276071
402	0.577909	1.195950	0.286103
403	0.577906	1.195952	0.271577
404	0.577903	1.195954	0.269954
405	0.577900	1.195956	0.284313
406	0.577897	1.195958	0.268797
407	0.577893	1.195960	0.269636
408	0.577890	1.195962	0.269324
409	0.577887	1.195964	0.296284
410	0.577884	1.195967	0.268821
411	0.577881	1.195969	0.268163
412	0.577878	1.195971	0.268022
413	0.577875	1.195973	0.278221
414	0.577871	1.195975	0.273291
415	0.577868	1.195977	0.270736
416	0.577865	1.195979	0.279148
417	0.577862	1.195981	0.271339
418	0.577859	1.195983	0.269477
419	0.577856	1.195985	0.269797
420	0.577853	1.195987	0.287376
421	0.577850	1.195989	0.268891
422	0.577847	1.195991	0.270628
423	0.577844	1.195993	0.270726
424	0.577840	1.195995	0.286074
425	0.577837	1.195997	0.270121
426	0.577834	1.195999	0.270016
427	0.577831	1.196001	0.277677
428	0.577828	1.196003	0.272304
429	0.577825	1.196005	0.269032
430	0.577822	1.196007	0.269770
431	0.577819	1.196009	0.302452
432	0.577816	1.196011	0.303189
433	0.577813	1.196013	0.269185
434	0.577810	1.196015	0.283511
435	0.577807	1.196017	0.272592
436	0.577804	1.196019	0.280188
437	0.577801	1.196021	0.274449
438	0.577798	1.196023	0.281418
439	0.577795	1.196025	0.270070
440	0.577792	1.196027	0.275684
441	0.577789	1.196029	0.272387
442	0.577786	1.196030	0.292378
443	0.577784	1.196032	0.276272
444	0.577781	1.196034	0.268852
445	0.577778	1.196036	0.284624
446	0.577775	1.196038	0.270167
447	0.577772	1.196040	0.273055
448	0.577769	1.196042	0.271455
449	0.577766	1.196044	0.281795
450	0.577763	1.196046	0.274186
451	0.577760	1.196048	0.268905
452	0.577757	1.196050	0.270770
453	0.577754	1.196052	0.292553
454	0.577752	1.196054	0.268237
455	0.577749	1.196056	0.268077
456	0.577746	1.196058	0.285618
457	0.577743	1.196060	0.269824
458	0.577740	1.196062	0.267612
459	0.577737	1.196063	0.267719
460	0.577734	1.196065	0.281550
461	0.577732	1.196067	0.269185
462	0.577729	1.196069	0.268449
463	0.577726	1.196071	0.277875
464	0.577723	1.196073	0.274269
465	0.577720	1.196075	0.268496
466	0.577717	1.196077	0.267192
467	0.577715	1.196079	0.280653
468	0.577712	1.196081	0.268260
469	0.577709	1.196083	0.268672
470	0.577706	1.196085	0.268503
471	0.577704	1.196087	0.291252
472	0.577701	1.196089	0.270071
473	0.577698	1.196091	0.268575
474	0.577695	1.196092	0.285099
475	0.577692	1.196094	0.274087
476	0.577690	1.196096	0.271011
477	0.577687	1.196098	0.270740
478	0.577684	1.196100	0.283355
479	0.577681	1.196102	0.269085
480	0.577679	1.196104	0.272175
481	0.577676	1.196106	0.269109
482	0.577673	1.196108	0.286140
483	0.577671	1.196110	0.271397
484	0.577668	1.196112	0.276416
485	0.577665	1.196114	0.293763
486	0.577662	1.196116	0.271067
487	0.577660	1.196118	0.269223
488	0.577657	1.196120	0.269126
489	0.577654	1.196122	0.280152
490	0.577652	1.196123	0.268797
491	0.577649	1.196125	0.271808
492	0.577646	1.196127	0.271044
493	0.577644	1.196129	0.285802
494	0.577641	1.196131	0.271095
495	0.577638	1.196133	0.268767
496	0.577636	1.196135	0.287720
497	0.577633	1.196137	0.271696
498	0.577630	1.196139	0.270545
499	0.577628	1.196141	0.267293
500	0.577625	1.196143	0.285522
501	0.577623	1.196145	0.270002
502	0.577620	1.196147	0.268301
503	0.577617	1.196149	0.267423
504	0.577615	1.196151	0.286007
505	0.577612	1.196153	0.267832
506	0.577610	1.196155	0.266848
507	0.577607	1.196157	0.288223
508	0.577604	1.196159	0.268774
509	0.577602	1.196161	0.267535
510	0.577599	1.196163	0.267903
511	0.577597	1.196165	0.279029
512	0.577594	1.196167	0.269310
513	0.577592	1.196169	0.268189
514	0.577589	1.196171	0.267253
515	0.577586	1.196173	0.279814
516	0.577584	1.196175	0.268868
517	0.577581	1.196177	0.269000
518	0.577579	1.196179	0.287856
519	0.577576	1.196181	0.267536
520	0.577574	1.196183	0.267942
521	0.577571	1.196185	0.266911
522	0.577569	1.196187	0.281967
523	0.577566	1.196189	0.269737
524	0.577564	1.196191	0.267505
525	0.577561	1.196193	0.267380
526	0.577559	1.196195	0.283307
527	0.577556	1.196197	0.270366
528	0.577554	1.196199	0.267840
529	0.577551	1.196201	0.291211
530	0.577549	1.196203	0.270700
531	0.577546	1.196205	0.269501
532	0.577544	1.196207	0.267763
533	0.577541	1.196209	0.281803
534	0.577539	1.196211	0.270125
535	0.577536	1.196213	0.271654
536	0.577534	1.196215	0.269469
537	0.577531	1.196217	0.281121
538	0.577529	1.196220	0.267930
539	0.577526	1.196222	0.266715
540	0.577524	1.196224	0.300386
541	0.577522	1.196226	0.273203
542	0.577519	1.196228	0.273954
543	0.577517	1.196230	0.301356
544	0.577514	1.196232	0.312020
545	0.577512	1.196234	0.270558
546	0.577509	1.196236	0.269135
547	0.577507	1.196238	0.290375
548	0.577505	1.196240	0.267347
549	0.577502	1.196242	0.267544
550	0.577500	1.196245	0.267576
551	0.577497	1.196247	0.288572
552	0.577495	1.196249	0.268728
553	0.577493	1.196251	0.268068
554	0.577490	1.196253	0.268660
555	0.577488	1.196255	0.286657
556	0.577486	1.196257	0.268659
557	0.577483	1.196259	0.267544
558	0.577481	1.196261	0.281486
559	0.577478	1.196264	0.269187
560	0.577476	1.196266	0.270036
561	0.577474	1.196268	0.270225
562	0.577471	1.196270	0.282618
563	0.577469	1.196272	0.267847
564	0.577467	1.196274	0.268999
565	0.577464	1.196276	0.268049
566	0.577462	1.196279	0.282289
567	0.577460	1.196281	0.270044
568	0.577457	1.196283	0.274492
569	0.577455	1.196285	0.282377
570	0.577453	1.196287	0.268426
571	0.577450	1.196289	0.267344
572	0.577448	1.196292	0.267366
573	0.577446	1.196294	0.288241
574	0.577444	1.196296	0.270063
575	0.577441	1.196298	0.268280
576	0.577439	1.196300	0.272089
577	0.577437	1.196303	0.276704
578	0.577434	1.196305	0.267417
579	0.577432	1.196307	0.266962
580	0.577430	1.196309	0.276997
581	0.577428	1.196311	0.269238
582	0.577425	1.196314	0.266866
583	0.577423	1.196316	0.266679
584	0.577421	1.196318	0.288240
585	0.577418	1.196320	0.271715
586	0.577416	1.196323	0.270214
587	0.577414	1.196325	0.270757
588	0.577412	1.196327	0.277184
589	0.577409	1.196329	0.267506
590	0.577407	1.196331	0.268533
591	0.577405	1.196334	0.277430
592	0.577403	1.196336	0.268909
593	0.577401	1.196338	0.267660
594	0.577398	1.196341	0.267070
595	0.577396	1.196343	0.289593
596	0.577394	1.196345	0.267770
597	0.577392	1.196347	0.267700
598	0.577390	1.196350	0.268022
599	0.577387	1.196352	0.277877
600	0.577385	1.196354	0.270149
601	0.577383	1.196356	0.269343
602	0.577381	1.196359	0.285976
603	0.577379	1.196361	0.269593
604	0.577376	1.196363	0.269891
605	0.577374	1.196366	0.269765
606	0.577372	1.196368	0.288721
607	0.577370	1.196370	0.268913
608	0.577368	1.196373	0.271619
609	0.577365	1.196375	0.267540
610	0.577363	1.196377	0.287024
611	0.577361	1.196380	0.268969
612	0.577359	1.196382	0.267058
613	0.577357	1.196384	0.284116
614	0.577355	1.196387	0.268517
615	0.577353	1.196389	0.269499
616	0.577350	1.196391	0.269820
617	0.577348	1.196394	0.284700
618	0.577346	1.196396	0.269205
619	0.577344	1.196398	0.269167
620	0.577342	1.196401	0.274212
621	0.577340	1.196403	0.273128
622	0.577338	1.196406	0.268267
623	0.577336	1.196408	0.267539
624	0.577333	1.196410	0.288109
625	0.577331	1.196413	0.269784
626	0.577329	1.196415	0.269359
627	0.577327	1.196417	0.269513
628	0.577325	1.196420	0.287482
629	0.577323	1.196422	0.267791
630	0.577321	1.196425	0.267740
631	0.577319	1.196427	0.272340
632	0.577317	1.196430	0.277951
633	0.577315	1.196432	0.270275
634	0.577313	1.196434	0.269593
635	0.577310	1.196437	0.281019
636	0.577308	1.196439	0.269303
637	0.577306	1.196442	0.267439
638	0.577304	1.196444	0.269528
639	0.577302	1.196447	0.284536
640	0.577300	1.196449	0.269180
641	0.577298	1.196451	0.267646
642	0.577296	1.196454	0.270910
643	0.577294	1.196456	0.276595
644	0.577292	1.196459	0.267385
645	0.577290	1.196461	0.271247
646	0.577288	1.196464	0.279797
647	0.577286	1.196466	0.268010
648	0.577284	1.196469	0.267402
649	0.577282	1.196471	0.266878
650	0.577280	1.196474	0.283719
651	0.577278	1.196476	0.267778
652	0.577276	1.196479	0.268143
653	0.577274	1.196481	0.271203
654	0.577272	1.196484	0.308095
655	0.577270	1.196486	0.278551
656	0.577268	1.196489	0.266131
657	0.577266	1.196491	0.276660
658	0.577264	1.196494	0.267311
659	0.577262	1.196496	0.272507
660	0.577260	1.196499	0.269928
661	0.577258	1.196502	0.287514
662	0.577256	1.196504	0.269303
663	0.577254	1.196507	0.268921
664	0.577252	1.196509	0.278031
665	0.577250	1.196512	0.268150
666	0.577248	1.196514	0.270382
667	0.577246	1.196517	0.269516
668	0.577244	1.196519	0.286155
669	0.577242	1.196522	0.267148
670	0.577240	1.196525	0.266718
671	0.577238	1.196527	0.266507
672	0.577236	1.196530	0.284040
673	0.577234	1.196532	0.272931
674	0.577232	1.196535	0.269353
675	0.577230	1.196538	0.285398
676	0.577228	1.196540	0.269612
677	0.577226	1.196543	0.268655
678	0.577224	1.196545	0.266936
679	0.577223	1.196548	0.277248
680	0.577221	1.196551	0.270433
681	0.577219	1.196553	0.269617
682	0.577217	1.196556	0.269907
683	0.577215	1.196559	0.283617
684	0.577213	1.196561	0.268547
685	0.577211	1.196564	0.267681
686	0.577209	1.196566	0.279183
687	0.577207	1.196569	0.266551
688	0.577205	1.196572	0.268905
689	0.577203	1.196574	0.268628
690	0.577202	1.196577	0.281811
691	0.577200	1.196580	0.272384
692	0.577198	1.196582	0.268680
693	0.577196	1.196585	0.268968
694	0.577194	1.196588	0.286461
695	0.577192	1.196590	0.268946
696	0.577190	1.196593	0.267545
697	0.577188	1.196596	0.277563
698	0.577186	1.196599	0.269751
699	0.577185	1.196601	0.270914
700	0.577183	1.196604	0.270021
701	0.577181	1.196607	0.281317
702	0.577179	1.196609	0.266817
703	0.577177	1.196612	0.267211
704	0.577175	1.196615	0.266323
705	0.577173	1.196618	0.290169
706	0.577172	1.196620	0.268606
707	0.577170	1.196623	0.268628
708	0.577168	1.196626	0.279557
709	0.577166	1.196629	0.267731
710	0.577164	1.196631	0.268378
711	0.577162	1.196634	0.268239
712	0.577161	1.196637	0.285653
713	0.577159	1.196640	0.269512
714	0.577157	1.196642	0.268210
715	0.577155	1.196645	0.266459
716	0.577153	1.196648	0.292212
717	0.577151	1.196651	0.271612
718	0.577150	1.196653	0.273683
719	0.577148	1.196656	0.283618
720	0.577146	1.196659	0.270324
721	0.577144	1.196662	0.270003
722	0.577142	1.196665	0.270616
723	0.577141	1.196667	0.283073
724	0.577139	1.196670	0.271201
725	0.577137	1.196673	0.266982
726	0.577135	1.196676	0.268078
727	0.577133	1.196679	0.285893
728	0.577132	1.196682	0.269849
729	0.577130	1.196684	0.267357
730	0.577128	1.196687	0.279390
731	0.577126	1.196690	0.270777
732	0.577125	1.196693	0.270182
733	0.577123	1.196696	0.269923
734	0.577121	1.196699	0.277203
735	0.577119	1.196701	0.270317
736	0.577117	1.196704	0.265830
737	0.577116	1.196707	0.268041
738	0.577114	1.196710	0.286886
739	0.577112	1.196713	0.270733
740	0.577110	1.196716	0.269670
741	0.577109	1.196719	0.286038
742	0.577107	1.196722	0.268287
743	0.577105	1.196724	0.267281
744	0.577103	1.196727	0.267976
745	0.577102	1.196730	0.276088
746	0.577100	1.196733	0.271008
747	0.577098	1.196736	0.267151
748	0.577097	1.196739	0.267738
749	0.577095	1.196742	0.285350
750	0.577093	1.196745	0.269324
751	0.577091	1.196748	0.270253
752	0.577090	1.196751	0.284612
753	0.577088	1.196754	0.266725
754	0.577086	1.196756	0.268110
755	0.577084	1.196759	0.270053
756	0.577083	1.196762	0.278412
757	0.577081	1.196765	0.270788
758	0.577079	1.196768	0.267134
759	0.577078	1.196771	0.267394
760	0.577076	1.196774	0.296035
761	0.577074	1.196777	0.269817
762	0.577073	1.196780	0.267585
763	0.577071	1.196783	0.281310
764	0.577069	1.196786	0.270617
765	0.577067	1.196789	0.281207
766	0.577066	1.196792	0.313782
767	0.577064	1.196795	0.289727
768	0.577062	1.196798	0.267005
769	0.577061	1.196801	0.268655
770	0.577059	1.196804	0.287362
771	0.577057	1.196807	0.272061
772	0.577056	1.196810	0.267279
773	0.577054	1.196813	0.267819
774	0.577052	1.196816	0.280734
775	0.577051	1.196819	0.268099
776	0.577049	1.196822	0.267953
777	0.577047	1.196825	0.267005
778	0.577046	1.196828	0.288129
779	0.577044	1.196831	0.270416
780	0.577042	1.196834	0.270550
781	0.577041	1.196837	0.285890
782	0.577039	1.196840	0.271506
783	0.577038	1.196843	0.270190
784	0.577036	1.196846	0.270459
785	0.577034	1.196850	0.277478
786	0.577033	1.196853	0.269702
787	0.577031	1.196856	0.269689
788	0.577029	1.196859	0.268528
789	0.577028	1.196862	0.276760
790	0.577026	1.196865	0.268889
791	0.577024	1.196868	0.271354
792	0.577023	1.196871	0.288547
793	0.577021	1.196874	0.270602
794	0.577020	1.196877	0.268154
795	0.577018	1.196880	0.267186
796	0.577016	1.196883	0.279976
797	0.577015	1.196887	0.271083
798	0.577013	1.196890	0.270123
799	0.577012	1.196893	0.270822
800	0.577010	1.196896	0.276853
801	0.577008	1.196899	0.268494
802	0.577007	1.196902	0.265266
803	0.577005	1.196905	0.288321
804	0.577004	1.196908	0.266761
805	0.577002	1.196912	0.274946
806	0.577000	1.196915	0.266261
807	0.576999	1.196918	0.280360
808	0.576997	1.196921	0.266348
809	0.576996	1.196924	0.269838
810	0.576994	1.196927	0.267885
811	0.576992	1.196930	0.281273
812	0.576991	1.196934	0.269112
813	0.576989	1.196937	0.266086
814	0.576988	1.196940	0.283725
815	0.576986	1.196943	0.270843
816	0.576985	1.196946	0.270599
817	0.576983	1.196950	0.268458
818	0.576982	1.196953	0.277708
819	0.576980	1.196956	0.274871
820	0.576978	1.196959	0.268311
821	0.576977	1.196962	0.271032
822	0.576975	1.196966	0.284606
823	0.576974	1.196969	0.268415
824	0.576972	1.196972	0.266070
825	0.576971	1.196975	0.286516
826	0.576969	1.196978	0.267060
827	0.576968	1.196982	0.268896
828	0.576966	1.196985	0.265874
829	0.576964	1.196988	0.279765
830	0.576963	1.196991	0.268043
831	0.576961	1.196995	0.270475
832	0.576960	1.196998	0.270976
833	0.576958	1.197001	0.278961
834	0.576957	1.197004	0.273199
835	0.576955	1.197008	0.266877
836	0.576954	1.197011	0.291974
837	0.576952	1.197014	0.268857
838	0.576951	1.197017	0.269405
839	0.576949	1.197021	0.265871
840	0.576948	1.197024	0.280738
841	0.576946	1.197027	0.271485
842	0.576945	1.197030	0.270899
843	0.576943	1.197034	0.265720
844	0.576942	1.197037	0.281351
845	0.576940	1.197040	0.268569
846	0.576939	1.197044	0.265876
847	0.576937	1.197047	0.284494
848	0.576936	1.197050	0.268263
849	0.576934	1.197054	0.270767
850	0.576933	1.197057	0.265966
851	0.576931	1.197060	0.280833
852	0.576930	1.197064	0.267523
853	0.576928	1.197067	0.270081
854	0.576927	1.197070	0.266694
855	0.576925	1.197074	0.278031
856	0.576924	1.197077	0.269824
857	0.576922	1.197080	0.270555
858	0.576921	1.197084	0.290676
859	0.576919	1.197087	0.271481
860	0.576918	1.197090	0.267265
861	0.576917	1.197094	0.269182
862	0.576915	1.197097	0.277358
863	0.576914	1.197100	0.270822
864	0.576912	1.197104	0.272301
865	0.576911	1.197107	0.270426
866	0.576909	1.197110	0.284324
867	0.576908	1.197114	0.267471
868	0.576906	1.197117	0.267835
869	0.576905	1.197121	0.285818
870	0.576903	1.197124	0.269930
871	0.576902	1.197127	0.267901
872	0.576901	1.197131	0.267650
873	0.576899	1.197134	0.279298
874	0.576898	1.197137	0.268959
875	0.576896	1.197141	0.267141
876	0.576895	1.197144	0.278131
877	0.576893	1.197148	0.317982
878	0.576892	1.197151	0.278145
879	0.576890	1.197155	0.268850
880	0.576889	1.197158	0.287138
881	0.576888	1.197161	0.269421
882	0.576886	1.197165	0.278993
883	0.576885	1.197168	0.268991
884	0.576883	1.197172	0.287158
885	0.576882	1.197175	0.269940
886	0.576881	1.197179	0.268537
887	0.576879	1.197182	0.279719
888	0.576878	1.197185	0.274005
889	0.576876	1.197189	0.268875
890	0.576875	1.197192	0.267478
891	0.576873	1.197196	0.289418
892	0.576872	1.197199	0.268961
893	0.576871	1.197203	0.269154
894	0.576869	1.197206	0.268561
895	0.576868	1.197210	0.281290
896	0.576866	1.197213	0.268331
897	0.576865	1.197217	0.268030
898	0.576864	1.197220	0.276161
899	0.576862	1.197224	0.273284
900	0.576861	1.197227	0.267930
901	0.576860	1.197231	0.267559
902	0.576858	1.197234	0.282426
903	0.576857	1.197238	0.272067
904	0.576855	1.197241	0.269677
905	0.576854	1.197245	0.268432
906	0.576853	1.197248	0.275925
907	0.576851	1.197252	0.267727
908	0.576850	1.197255	0.267953
909	0.576848	1.197259	0.269992
910	0.576847	1.197262	0.281244
911	0.576846	1.197266	0.270842
912	0.576844	1.197269	0.268944
913	0.576843	1.197273	0.283916
914	0.576842	1.197276	0.272106
915	0.576840	1.197280	0.268371
916	0.576839	1.197284	0.266994
917	0.576838	1.197287	0.286151
918	0.576836	1.197291	0.270654
919	0.576835	1.197294	0.269681
920	0.576834	1.197298	0.279919
921	0.576832	1.197301	0.276949
922	0.576831	1.197305	0.269611
923	0.576829	1.197308	0.269299
924	0.576828	1.197312	0.289471
925	0.576827	1.197316	0.273884
926	0.576825	1.197319	0.270549
927	0.576824	1.197323	0.269928
928	0.576823	1.197326	0.277636
929	0.576821	1.197330	0.270662
930	0.576820	1.197334	0.268538
931	0.576819	1.197337	0.280662
932	0.576817	1.197341	0.270510
933	0.576816	1.197344	0.271161
934	0.576815	1.197348	0.270355
935	0.576813	1.197352	0.284896
936	0.576812	1.197355	0.272352
937	0.576811	1.197359	0.268426
938	0.576810	1.197362	0.268248
939	0.576808	1.197366	0.283328
940	0.576807	1.197370	0.269343
941	0.576806	1.197373	0.271273
942	0.576804	1.197377	0.282994
943	0.576803	1.197381	0.269855
944	0.576802	1.197384	0.265743
945	0.576800	1.197388	0.268246
946	0.576799	1.197392	0.286878
947	0.576798	1.197395	0.277411
948	0.576796	1.197399	0.266116
949	0.576795	1.197402	0.268098
950	0.576794	1.197406	0.286043
951	0.576793	1.197410	0.287828
952	0.576791	1.197413	0.279415
953	0.576790	1.197417	0.308611
954	0.576789	1.197421	0.296618
955	0.576787	1.197424	0.268616
956	0.576786	1.197428	0.267952
957	0.576785	1.197432	0.292218
958	0.576784	1.197436	0.272173
959	0.576782	1.197439	0.268796
960	0.576781	1.197443	0.281266
961	0.576780	1.197447	0.271091
962	0.576778	1.197450	0.269854
963	0.576777	1.197454	0.269949
964	0.576776	1.197458	0.279250
965	0.576775	1.197461	0.274643
966	0.576773	1.197465	0.268529
967	0.576772	1.197469	0.268537
968	0.576771	1.197473	0.290853
969	0.576770	1.197476	0.269560
970	0.576768	1.197480	0.270291
971	0.576767	1.197484	0.282099
972	0.576766	1.197487	0.275702
973	0.576764	1.197491	0.267449
974	0.576763	1.197495	0.269767
975	0.576762	1.197499	0.277200
976	0.576761	1.197502	0.272853
977	0.576759	1.197506	0.267428
978	0.576758	1.197510	0.267188
979	0.576757	1.197514	0.293514
980	0.576756	1.197517	0.272391
981	0.576754	1.197521	0.267983
982	0.576753	1.197525	0.277572
983	0.576752	1.197529	0.271263
984	0.576751	1.197533	0.275231
985	0.576750	1.197536	0.281519
986	0.576748	1.197540	0.285438
987	0.576747	1.197544	0.283658
988	0.576746	1.197548	0.325902
989	0.576745	1.197551	0.315224
990	0.576743	1.197555	0.268121
991	0.576742	1.197559	0.273573
992	0.576741	1.197563	0.279476
993	0.576740	1.197567	0.288068
994	0.576738	1.197570	0.272645
995	0.576737	1.197574	0.269409
996	0.576736	1.197578	0.289988
997	0.576735	1.197582	0.270198
998	0.576734	1.197586	0.269993
999	0.576732	1.197589	0.270972
1000	0.576731	1.197593	0.288729
1001	0.576730	1.197597	0.270562
1002	0.576729	1.197601	0.269108
1003	0.576728	1.197605	0.268485
1004	0.576726	1.197609	0.281869
1005	0.576725	1.197612	0.267402
1006	0.576724	1.197616	0.268271
1007	0.576723	1.197620	0.279599
1008	0.576722	1.197624	0.271092
1009	0.576720	1.197628	0.268809
1010	0.576719	1.197632	0.271033
1011	0.576718	1.197635	0.283729
1012	0.576717	1.197639	0.271237
1013	0.576716	1.197643	0.268730
1014	0.576714	1.197647	0.267407
1015	0.576713	1.197651	0.285495
1016	0.576712	1.197655	0.268092
1017	0.576711	1.197659	0.267538
1018	0.576710	1.197662	0.279135
1019	0.576708	1.197666	0.269418
1020	0.576707	1.197670	0.270465
1021	0.576706	1.197674	0.269722
1022	0.576705	1.197678	0.289335
1023	0.576704	1.197682	0.268708
1024	0.576703	1.197686	0.267950
1025	0.576701	1.197690	0.268257
1026	0.576700	1.197694	0.281361
1027	0.576699	1.197697	0.268519
1028	0.576698	1.197701	0.269714
1029	0.576697	1.197705	0.282459
1030	0.576695	1.197709	0.272369
1031	0.576694	1.197713	0.269108
1032	0.576693	1.197717	0.269890
1033	0.576692	1.197721	0.288564
1034	0.576691	1.197725	0.270315
1035	0.576690	1.197729	0.267552
1036	0.576689	1.197733	0.267998
1037	0.576687	1.197737	0.285217
1038	0.576686	1.197741	0.272303
1039	0.576685	1.197744	0.270503
1040	0.576684	1.197748	0.286579
1041	0.576683	1.197752	0.269282
1042	0.576682	1.197756	0.268915
1043	0.576680	1.197760	0.267086
1044	0.576679	1.197764	0.283384
1045	0.576678	1.197768	0.269936
1046	0.576677	1.197772	0.268413
1047	0.576676	1.197776	0.270245
1048	0.576675	1.197780	0.275058
1049	0.576674	1.197784	0.267477
1050	0.576672	1.197788	0.266537
1051	0.576671	1.197792	0.280740
1052	0.576670	1.197796	0.268149
1053	0.576669	1.197800	0.268659
1054	0.576668	1.197804	0.267160
1055	0.576667	1.197808	0.294420
1056	0.576666	1.197812	0.269332
1057	0.576665	1.197816	0.267784
1058	0.576663	1.197820	0.268761
1059	0.576662	1.197824	0.280811
1060	0.576661	1.197828	0.270219
1061	0.576660	1.197832	0.269493
1062	0.576659	1.197836	0.285345
1063	0.576658	1.197840	0.268795
1064	0.576657	1.197844	0.268982
1065	0.576656	1.197848	0.271128
1066	0.576654	1.197852	0.284573
1067	0.576653	1.197856	0.270852
1068	0.576652	1.197860	0.270029
1069	0.576651	1.197864	0.279245
1070	0.576650	1.197868	0.273133
1071	0.576649	1.197872	0.267559
1072	0.576648	1.197876	0.266924
1073	0.576647	1.197880	0.280596
1074	0.576646	1.197884	0.271100
1075	0.576645	1.197888	0.268630
1076	0.576643	1.197892	0.270640
1077	0.576642	1.197896	0.284740
1078	0.576641	1.197900	0.267997
1079	0.576640	1.197904	0.268578
1080	0.576639	1.197908	0.278231
1081	0.576638	1.197912	0.273162
1082	0.576637	1.197916	0.267974
1083	0.576636	1.197920	0.269461
1084	0.576635	1.197924	0.279746
1085	0.576634	1.197928	0.268306
1086	0.576632	1.197933	0.266966
1087	0.576631	1.197937	0.267701
1088	0.576630	1.197941	0.285505
1089	0.576629	1.197945	0.268591
1090	0.576628	1.197949	0.268993
1091	0.576627	1.197953	0.271972
1092	0.576626	1.197957	0.272309
1093	0.576625	1.197961	0.268506
1094	0.576624	1.197965	0.266736
1095	0.576623	1.197969	0.280138
1096	0.576622	1.197973	0.274184
1097	0.576621	1.197977	0.268147
1098	0.576620	1.197982	0.275713
1099	0.576618	1.197986	0.318799
1100	0.576617	1.197990	0.269245
1101	0.576616	1.197994	0.267384
1102	0.576615	1.197998	0.279805
1103	0.576614	1.198002	0.269441
1104	0.576613	1.198006	0.272177
1105	0.576612	1.198010	0.274667
1106	0.576611	1.198014	0.283777
1107	0.576610	1.198018	0.268732
1108	0.576609	1.198023	0.268320
1109	0.576608	1.198027	0.267569
1110	0.576607	1.198031	0.285495
1111	0.576606	1.198035	0.268112
1112	0.576605	1.198039	0.267284
1113	0.576604	1.198043	0.284045
1114	0.576603	1.198047	0.267636
1115	0.576602	1.198052	0.267302
1116	0.576601	1.198056	0.267973
1117	0.576599	1.198060	0.281199
1118	0.576598	1.198064	0.268639
1119	0.576597	1.198068	0.267136
1120	0.576596	1.198072	0.268167
1121	0.576595	1.198076	0.286126
1122	0.576594	1.198081	0.269305
1123	0.576593	1.198085	0.267828
1124	0.576592	1.198089	0.283753
1125	0.576591	1.198093	0.267706
1126	0.576590	1.198097	0.268934
1127	0.576589	1.198101	0.269869
1128	0.576588	1.198106	0.284860
1129	0.576587	1.198110	0.276359
1130	0.576586	1.198114	0.269392
1131	0.576585	1.198118	0.270054
1132	0.576584	1.198122	0.286830
1133	0.576583	1.198127	0.267632
1134	0.576582	1.198131	0.268324
1135	0.576581	1.198135	0.280341
1136	0.576580	1.198139	0.270091
1137	0.576579	1.198143	0.268681
1138	0.576578	1.198147	0.267582
1139	0.576577	1.198152	0.281485
1140	0.576576	1.198156	0.270005
1141	0.576575	1.198160	0.266497
1142	0.576574	1.198164	0.267331
1143	0.576573	1.198169	0.286765
1144	0.576572	1.198173	0.269481
1145	0.576571	1.198177	0.269401
1146	0.576570	1.198181	0.285373
1147	0.576569	1.198185	0.270268
1148	0.576568	1.198190	0.270938
1149	0.576567	1.198194	0.267950
1150	0.576566	1.198198	0.282053
1151	0.576565	1.198202	0.270417
1152	0.576564	1.198207	0.269770
1153	0.576563	1.198211	0.269503
1154	0.576562	1.198215	0.283844
1155	0.576561	1.198219	0.270003
1156	0.576560	1.198223	0.270426
1157	0.576559	1.198228	0.281349
1158	0.576558	1.198232	0.270224
1159	0.576557	1.198236	0.270291
1160	0.576556	1.198240	0.268208
1161	0.576555	1.198245	0.282851
1162	0.576554	1.198249	0.268745
1163	0.576553	1.198253	0.269839
1164	0.576552	1.198258	0.268413
1165	0.576551	1.198262	0.283523
1166	0.576550	1.198266	0.267919
1167	0.576549	1.198270	0.268662
1168	0.576548	1.198275	0.283798
1169	0.576547	1.198279	0.271562
1170	0.576546	1.198283	0.270812
1171	0.576545	1.198287	0.271219
1172	0.576544	1.198292	0.285801
1173	0.576543	1.198296	0.272412
1174	0.576542	1.198300	0.270138
1175	0.576541	1.198305	0.269984
1176	0.576540	1.198309	0.288422
1177	0.576539	1.198313	0.271049
1178	0.576538	1.198317	0.269522
1179	0.576537	1.198322	0.278213
1180	0.576536	1.198326	0.268143
1181	0.576535	1.198330	0.267620
1182	0.576534	1.198335	0.266711
1183	0.576533	1.198339	0.282188
1184	0.576532	1.198343	0.272704
1185	0.576531	1.198348	0.270055
1186	0.576530	1.198352	0.270382
1187	0.576529	1.198356	0.288007
1188	0.576528	1.198361	0.268161
1189	0.576527	1.198365	0.268470
1190	0.576526	1.198369	0.279267
1191	0.576526	1.198374	0.269135
1192	0.576525	1.198378	0.268368
1193	0.576524	1.198382	0.268938
1194	0.576523	1.198386	0.285066
1195	0.576522	1.198391	0.270676
1196	0.576521	1.198395	0.266947
1197	0.576520	1.198400	0.267040
1198	0.576519	1.198404	0.301217
1199	0.576518	1.198408	0.268703
1200	0.576517	1.198413	0.270620
1201	0.576516	1.198417	0.279267
1202	0.576515	1.198421	0.271003
1203	0.576514	1.198426	0.267188
1204	0.576513	1.198430	0.268512
1205	0.576512	1.198434	0.282426
1206	0.576511	1.198439	0.271714
1207	0.576510	1.198443	0.269905
1208	0.576509	1.198447	0.281949
1209	0.576509	1.198452	0.276169
1210	0.576508	1.198456	0.272838
1211	0.576507	1.198461	0.302526
1212	0.576506	1.198465	0.290021
1213	0.576505	1.198469	0.270631
1214	0.576504	1.198474	0.270744
1215	0.576503	1.198478	0.267977
1216	0.576502	1.198482	0.282660
1217	0.576501	1.198487	0.268822
1218	0.576500	1.198491	0.268655
1219	0.576499	1.198496	0.285203
1220	0.576498	1.198500	0.269092
1221	0.576497	1.198504	0.267674
1222	0.576496	1.198509	0.267444
1223	0.576496	1.198513	0.282745
1224	0.576495	1.198518	0.269650
1225	0.576494	1.198522	0.268807
1226	0.576493	1.198526	0.267837
1227	0.576492	1.198531	0.281858
1228	0.576491	1.198535	0.268596
1229	0.576490	1.198540	0.268403
1230	0.576489	1.198544	0.290509
1231	0.576488	1.198548	0.270766
1232	0.576487	1.198553	0.269350
1233	0.576486	1.198557	0.271193
1234	0.576485	1.198562	0.279394
1235	0.576485	1.198566	0.269336
1236	0.576484	1.198571	0.267797
1237	0.576483	1.198575	0.268220
1238	0.576482	1.198579	0.281216
1239	0.576481	1.198584	0.270031
1240	0.576480	1.198588	0.268053
1241	0.576479	1.198593	0.291211
1242	0.576478	1.198597	0.270189
1243	0.576477	1.198602	0.268850
1244	0.576476	1.198606	0.269873
1245	0.576476	1.198611	0.283880
1246	0.576475	1.198615	0.271634
1247	0.576474	1.198619	0.269693
1248	0.576473	1.198624	0.271160
1249	0.576472	1.198628	0.280144
1250	0.576471	1.198633	0.268407
1251	0.576470	1.198637	0.266924
1252	0.576469	1.198642	0.286035
1253	0.576468	1.198646	0.271941
1254	0.576468	1.198651	0.268534
1255	0.576467	1.198655	0.268634
1256	0.576466	1.198660	0.283703
1257	0.576465	1.198664	0.269750
1258	0.576464	1.198669	0.268688
1259	0.576463	1.198673	0.270626
1260	0.576462	1.198677	0.281430
1261	0.576461	1.198682	0.268759
1262	0.576460	1.198686	0.268743
1263	0.576460	1.198691	0.287579
1264	0.576459	1.198695	0.270787
1265	0.576458	1.198700	0.270708
1266	0.576457	1.198704	0.270283
1267	0.576456	1.198709	0.279111
1268	0.576455	1.198713	0.270295
1269	0.576454	1.198718	0.268444
1270	0.576453	1.198722	0.278579
1271	0.576453	1.198727	0.274074
1272	0.576452	1.198731	0.270561
1273	0.576451	1.198736	0.270109
1274	0.576450	1.198740	0.287710
1275	0.576449	1.198745	0.268832
1276	0.576448	1.198749	0.267035
1277	0.576447	1.198754	0.267108
1278	0.576447	1.198758	0.283050
1279	0.576446	1.198763	0.269342
1280	0.576445	1.198768	0.269202
1281	0.576444	1.198772	0.276299
1282	0.576443	1.198777	0.270514
1283	0.576442	1.198781	0.268718
1284	0.576441	1.198786	0.271086
1285	0.576441	1.198790	0.286413
1286	0.576440	1.198795	0.270275
1287	0.576439	1.198799	0.270427
1288	0.576438	1.198804	0.270051
1289	0.576437	1.198808	0.287261
1290	0.576436	1.198813	0.269407
1291	0.576435	1.198817	0.267923
1292	0.576435	1.198822	0.282475
1293	0.576434	1.198826	0.268071
1294	0.576433	1.198831	0.271150
1295	0.576432	1.198836	0.267173
1296	0.576431	1.198840	0.284662
1297	0.576430	1.198845	0.268042
1298	0.576429	1.198849	0.267656
1299	0.576429	1.198854	0.266795
1300	0.576428	1.198858	0.276952
1301	0.576427	1.198863	0.267287
1302	0.576426	1.198868	0.268138
1303	0.576425	1.198872	0.277385
1304	0.576424	1.198877	0.274095
1305	0.576424	1.198881	0.267496
1306	0.576423	1.198886	0.269514
1307	0.576422	1.198890	0.286795
1308	0.576421	1.198895	0.269273
1309	0.576420	1.198900	0.268348
1310	0.576419	1.198904	0.268201
1311	0.576419	1.198909	0.279527
1312	0.576418	1.198913	0.272683
1313	0.576417	1.198918	0.268676
1314	0.576416	1.198922	0.281348
1315	0.576415	1.198927	0.269071
1316	0.576414	1.198932	0.268025
1317	0.576414	1.198936	0.268586
1318	0.576413	1.198941	0.289080
1319	0.576412	1.198945	0.270282
1320	0.576411	1.198950	0.272855
1321	0.576410	1.198955	0.275275
1322	0.576410	1.198959	0.318862
1323	0.576409	1.198964	0.269195
1324	0.576408	1.198968	0.274891
1325	0.576407	1.198973	0.301445
1326	0.576406	1.198978	0.269783
1327	0.576405	1.198982	0.276294
1328	0.576405	1.198987	0.268189
1329	0.576404	1.198992	0.297464
1330	0.576403	1.198996	0.271960
1331	0.576402	1.199001	0.268820
1332	0.576401	1.199005	0.280270
1333	0.576401	1.199010	0.273327
1334	0.576400	1.199015	0.278604
1335	0.576399	1.199019	0.267238
1336	0.576398	1.199024	0.281972
1337	0.576397	1.199029	0.269695
1338	0.576397	1.199033	0.267172
1339	0.576396	1.199038	0.267242
1340	0.576395	1.199043	0.285641
1341	0.576394	1.199047	0.269378
1342	0.576393	1.199052	0.267332
1343	0.576392	1.199056	0.278905
1344	0.576392	1.199061	0.266540
1345	0.576391	1.199066	0.266632
1346	0.576390	1.199070	0.267132
1347	0.576389	1.199075	0.279673
1348	0.576389	1.199080	0.268265
1349	0.576388	1.199084	0.267585
1350	0.576387	1.199089	0.266821
1351	0.576386	1.199094	0.286620
1352	0.576385	1.199098	0.267543
1353	0.576385	1.199103	0.267562
1354	0.576384	1.199108	0.275750
1355	0.576383	1.199112	0.268728
1356	0.576382	1.199117	0.270519
1357	0.576381	1.199122	0.269262
1358	0.576381	1.199126	0.289710
1359	0.576380	1.199131	0.270173
1360	0.576379	1.199136	0.270026
1361	0.576378	1.199140	0.267543
1362	0.576377	1.199145	0.286674
1363	0.576377	1.199150	0.268908
1364	0.576376	1.199154	0.266901
1365	0.576375	1.199159	0.279100
1366	0.576374	1.199164	0.267798
1367	0.576374	1.199169	0.272710
1368	0.576373	1.199173	0.269115
1369	0.576372	1.199178	0.284331
1370	0.576371	1.199183	0.267837
1371	0.576370	1.199187	0.267475
1372	0.576370	1.199192	0.266406
1373	0.576369	1.199197	0.290773
1374	0.576368	1.199201	0.267825
1375	0.576367	1.199206	0.269662
1376	0.576367	1.199211	0.281810
1377	0.576366	1.199216	0.269112
1378	0.576365	1.199220	0.270170
1379	0.576364	1.199225	0.269243
1380	0.576363	1.199230	0.282342
1381	0.576363	1.199234	0.267831
1382	0.576362	1.199239	0.268424
1383	0.576361	1.199244	0.268378
1384	0.576360	1.199249	0.302715
1385	0.576360	1.199253	0.269163
1386	0.576359	1.199258	0.271746
1387	0.576358	1.199263	0.281954
1388	0.576357	1.199267	0.270807
1389	0.576357	1.199272	0.269952
1390	0.576356	1.199277	0.269142
1391	0.576355	1.199282	0.282712
1392	0.576354	1.199286	0.270009
1393	0.576354	1.199291	0.267823
1394	0.576353	1.199296	0.269409
1395	0.576352	1.199301	0.287527
1396	0.576351	1.199305	0.273556
1397	0.576350	1.199310	0.268769
1398	0.576350	1.199315	0.280608
1399	0.576349	1.199320	0.269285
1400	0.576348	1.199324	0.269589
1401	0.576347	1.199329	0.270714
1402	0.576347	1.199334	0.276902
1403	0.576346	1.199339	0.268320
1404	0.576345	1.199343	0.266868
1405	0.576344	1.199348	0.270188
1406	0.576344	1.199353	0.285951
1407	0.576343	1.199358	0.270016
1408	0.576342	1.199362	0.267948
1409	0.576341	1.199367	0.281454
1410	0.576341	1.199372	0.269715
1411	0.576340	1.199377	0.267599
1412	0.576339	1.199382	0.267729
1413	0.576339	1.199386	0.276578
1414	0.576338	1.199391	0.268831
1415	0.576337	1.199396	0.266800
1416	0.576336	1.199401	0.266117
1417	0.576336	1.199405	0.291476
1418	0.576335	1.199410	0.267736
1419	0.576334	1.199415	0.269366
1420	0.576333	1.199420	0.281347
1421	0.576333	1.199425	0.273405
1422	0.576332	1.199429	0.274506
1423	0.576331	1.199434	0.268084
1424	0.576330	1.199439	0.287277
1425	0.576330	1.199444	0.271588
1426	0.576329	1.199449	0.278867
1427	0.576328	1.199453	0.270971
1428	0.576327	1.199458	0.295066
1429	0.576327	1.199463	0.269478
1430	0.576326	1.199468	0.269487
1431	0.576325	1.199473	0.284433
1432	0.576325	1.199477	0.277017
1433	0.576324	1.199482	0.307520
1434	0.576323	1.199487	0.282891
1435	0.576322	1.199492	0.287344
1436	0.576322	1.199497	0.268856
1437	0.576321	1.199501	0.268107
1438	0.576320	1.199506	0.288998
1439	0.576319	1.199511	0.266727
1440	0.576319	1.199516	0.274516
1441	0.576318	1.199521	0.267264
1442	0.576317	1.199526	0.280382
1443	0.576317	1.199530	0.269646
1444	0.576316	1.199535	0.273138
1445	0.576315	1.199540	0.267358
1446	0.576314	1.199545	0.279324
1447	0.576314	1.199550	0.267279
1448	0.576313	1.199555	0.265752
1449	0.576312	1.199559	0.291063
1450	0.576312	1.199564	0.270899
1451	0.576311	1.199569	0.268798
1452	0.576310	1.199574	0.270009
1453	0.576309	1.199579	0.284909
1454	0.576309	1.199584	0.267667
1455	0.576308	1.199588	0.266700
1456	0.576307	1.199593	0.267582
1457	0.576307	1.199598	0.276527
1458	0.576306	1.199603	0.267631
1459	0.576305	1.199608	0.267194
1460	0.576305	1.199613	0.292600
1461	0.576304	1.199618	0.270274
1462	0.576303	1.199622	0.269630
1463	0.576302	1.199627	0.269972
1464	0.576302	1.199632	0.280198
1465	0.576301	1.199637	0.268132
1466	0.576300	1.199642	0.266681
1467	0.576300	1.199647	0.266213
1468	0.576299	1.199652	0.277572
1469	0.576298	1.199656	0.267507
1470	0.576298	1.199661	0.268535
1471	0.576297	1.199666	0.283489
1472	0.576296	1.199671	0.269569
1473	0.576295	1.199676	0.270636
1474	0.576295	1.199681	0.269291
1475	0.576294	1.199686	0.283514
1476	0.576293	1.199691	0.270226
1477	0.576293	1.199695	0.269559
1478	0.576292	1.199700	0.268492
1479	0.576291	1.199705	0.285648
1480	0.576291	1.199710	0.269716
1481	0.576290	1.199715	0.269747
1482	0.576289	1.199720	0.288453
1483	0.576288	1.199725	0.268060
1484	0.576288	1.199730	0.269278
1485	0.576287	1.199735	0.268627
1486	0.576286	1.199739	0.283006
1487	0.576286	1.199744	0.271102
1488	0.576285	1.199749	0.269267
1489	0.576284	1.199754	0.269398
1490	0.576284	1.199759	0.281933
1491	0.576283	1.199764	0.268922
1492	0.576282	1.199769	0.269467
1493	0.576282	1.199774	0.291187
1494	0.576281	1.199779	0.273666
1495	0.576280	1.199784	0.269100
1496	0.576280	1.199789	0.269117
1497	0.576279	1.199793	0.283964
1498	0.576278	1.199798	0.269933
1499	0.576278	1.199803	0.269726
1500	0.576277	1.199808	0.274329
1501	0.576276	1.199813	0.274238
1502	0.576276	1.199818	0.269064
1503	0.576275	1.199823	0.267274
1504	0.576274	1.199828	0.285112
1505	0.576274	1.199833	0.268718
1506	0.576273	1.199838	0.267039
1507	0.576272	1.199843	0.267463
1508	0.576272	1.199848	0.282030
1509	0.576271	1.199853	0.269477
1510	0.576270	1.199857	0.268951
1511	0.576270	1.199862	0.275168
1512	0.576269	1.199867	0.282184
1513	0.576268	1.199872	0.271107
1514	0.576268	1.199877	0.268793
1515	0.576267	1.199882	0.284637
1516	0.576266	1.199887	0.269773
1517	0.576266	1.199892	0.269411
1518	0.576265	1.199897	0.268400
1519	0.576264	1.199902	0.284222
1520	0.576264	1.199907	0.270937
1521	0.576263	1.199912	0.283658
1522	0.576262	1.199917	0.280935
1523	0.576262	1.199922	0.272397
1524	0.576261	1.199927	0.268778
1525	0.576260	1.199932	0.276235
1526	0.576260	1.199937	0.286073
1527	0.576259	1.199942	0.272732
1528	0.576258	1.199947	0.274228
1529	0.576258	1.199952	0.274837
1530	0.576257	1.199957	0.279781
1531	0.576256	1.199961	0.267402
1532	0.576256	1.199966	0.267827
1533	0.576255	1.199971	0.285912
1534	0.576254	1.199976	0.271199
1535	0.576254	1.199981	0.269703
1536	0.576253	1.199986	0.269095
1537	0.576252	1.199991	0.284685
1538	0.576252	1.199996	0.268817
1539	0.576251	1.200001	0.270254
1540	0.576250	1.200006	0.269525
1541	0.576250	1.200011	0.280328
1542	0.576249	1.200016	0.268419
1543	0.576248	1.200021	0.271726
1544	0.576248	1.200026	0.313898
1545	0.576247	1.200031	0.269615
1546	0.576247	1.200036	0.268205
1547	0.576246	1.200041	0.270299
1548	0.576245	1.200046	0.292965
1549	0.576245	1.200051	0.271101
1550	0.576244	1.200056	0.267837
1551	0.576243	1.200061	0.280837
1552	0.576243	1.200066	0.268301
1553	0.576242	1.200071	0.270203
1554	0.576241	1.200076	0.266759
1555	0.576241	1.200081	0.281878
1556	0.576240	1.200086	0.268877
1557	0.576239	1.200091	0.267706
1558	0.576239	1.200096	0.267960
1559	0.576238	1.200101	0.287234
1560	0.576238	1.200106	0.273236
1561	0.576237	1.200111	0.268404
1562	0.576236	1.200116	0.285525
1563	0.576236	1.200121	0.268473
1564	0.576235	1.200126	0.268055
1565	0.576234	1.200131	0.268666
1566	0.576234	1.200136	0.285913
1567	0.576233	1.200141	0.268735
1568	0.576233	1.200146	0.267489
1569	0.576232	1.200151	0.267893
1570	0.576231	1.200156	0.289835
1571	0.576231	1.200161	0.271922
1572	0.576230	1.200166	0.268285
1573	0.576229	1.200171	0.285024
1574	0.576229	1.200177	0.267644
1575	0.576228	1.200182	0.269153
1576	0.576228	1.200187	0.267970
1577	0.576227	1.200192	0.278510
1578	0.576226	1.200197	0.273481
1579	0.576226	1.200202	0.267696
1580	0.576225	1.200207	0.268837
1581	0.576224	1.200212	0.283311
1582	0.576224	1.200217	0.268079
1583	0.576223	1.200222	0.269294
1584	0.576223	1.200227	0.282760
1585	0.576222	1.200232	0.269511
1586	0.576221	1.200237	0.270087
1587	0.576221	1.200242	0.268510
1588	0.576220	1.200247	0.278974
1589	0.576219	1.200252	0.270271
1590	0.576219	1.200257	0.267218
1591	0.576218	1.200262	0.268359
1592	0.576218	1.200267	0.289543
1593	0.576217	1.200272	0.269545
1594	0.576216	1.200277	0.269170
1595	0.576216	1.200283	0.281132
1596	0.576215	1.200288	0.267784
1597	0.576215	1.200293	0.271993
1598	0.576214	1.200298	0.269240
1599	0.576213	1.200303	0.288449
1600	0.576213	1.200308	0.271130
1601	0.576212	1.200313	0.269729
1602	0.576211	1.200318	0.269231
1603	0.576211	1.200323	0.287344
1604	0.576210	1.200328	0.267773
1605	0.576210	1.200333	0.267118
1606	0.576209	1.200338	0.279867
1607	0.576208	1.200343	0.270125
1608	0.576208	1.200348	0.270532
1609	0.576207	1.200354	0.266826
1610	0.576207	1.200359	0.275264
1611	0.576206	1.200364	0.267580
1612	0.576205	1.200369	0.267491
1613	0.576205	1.200374	0.363266
1614	0.576204	1.200379	0.341827
1615	0.576204	1.200384	0.312109
1616	0.576203	1.200389	0.354634
1617	0.576202	1.200394	0.348152
1618	0.576202	1.200399	0.276558
1619	0.576201	1.200404	0.285232
1620	0.576201	1.200410	0.359075
1621	0.576200	1.200415	0.267986
1622	0.576199	1.200420	0.268008
1623	0.576199	1.200425	0.294234
1624	0.576198	1.200430	0.269492
1625	0.576198	1.200435	0.274875
1626	0.576197	1.200440	0.268151
1627	0.576196	1.200445	0.290755
1628	0.576196	1.200450	0.269390
1629	0.576195	1.200455	0.270486
1630	0.576195	1.200461	0.290327
1631	0.576194	1.200466	0.271631
1632	0.576194	1.200471	0.268604
1633	0.576193	1.200476	0.268964
1634	0.576192	1.200481	0.309696
1635	0.576192	1.200486	0.268948
1636	0.576191	1.200491	0.266131
1637	0.576191	1.200496	0.279486
1638	0.576190	1.200502	0.275018
1639	0.576189	1.200507	0.268957
1640	0.576189	1.200512	0.267598
1641	0.576188	1.200517	0.297857
1642	0.576188	1.200522	0.268945
1643	0.576187	1.200527	0.267289
1644	0.576186	1.200532	0.267967
1645	0.576186	1.200537	0.281679
1646	0.576185	1.200543	0.268155
1647	0.576185	1.200548	0.267641
1648	0.576184	1.200553	0.275877
1649	0.576184	1.200558	0.274083
1650	0.576183	1.200563	0.271608
1651	0.576182	1.200568	0.269732
1652	0.576182	1.200573	0.279416
1653	0.576181	1.200579	0.274191
1654	0.576181	1.200584	0.268524
1655	0.576180	1.200589	0.268905
1656	0.576180	1.200594	0.292939
1657	0.576179	1.200599	0.269548
1658	0.576178	1.200604	0.273911
1659	0.576178	1.200609	0.279992
1660	0.576177	1.200615	0.267807
1661	0.576177	1.200620	0.268245
1662	0.576176	1.200625	0.267495
1663	0.576175	1.200630	0.279861
1664	0.576175	1.200635	0.268682
1665	0.576174	1.200640	0.268034
1666	0.576174	1.200646	0.268096
1667	0.576173	1.200651	0.292479
1668	0.576173	1.200656	0.269659
1669	0.576172	1.200661	0.267858
1670	0.576172	1.200666	0.279226
1671	0.576171	1.200671	0.268969
1672	0.576170	1.200676	0.271238
1673	0.576170	1.200682	0.269889
1674	0.576169	1.200687	0.282830
1675	0.576169	1.200692	0.270102
1676	0.576168	1.200697	0.267801
1677	0.576168	1.200702	0.269056
1678	0.576167	1.200708	0.292880
1679	0.576166	1.200713	0.269824
1680	0.576166	1.200718	0.269485
1681	0.576165	1.200723	0.276644
1682	0.576165	1.200728	0.268985
1683	0.576164	1.200733	0.271514
1684	0.576164	1.200739	0.269299
1685	0.576163	1.200744	0.282305
1686	0.576162	1.200749	0.269705
1687	0.576162	1.200754	0.268534
1688	0.576161	1.200759	0.268466
1689	0.576161	1.200765	0.291359
1690	0.576160	1.200770	0.272032
1691	0.576160	1.200775	0.268406
1692	0.576159	1.200780	0.290378
1693	0.576159	1.200785	0.269224
1694	0.576158	1.200791	0.269386
1695	0.576157	1.200796	0.268241
1696	0.576157	1.200801	0.283920
1697	0.576156	1.200806	0.269507
1698	0.576156	1.200811	0.269179
1699	0.576155	1.200817	0.268609
1700	0.576155	1.200822	0.290522
1701	0.576154	1.200827	0.270347
1702	0.576154	1.200832	0.268883
1703	0.576153	1.200837	0.282847
1704	0.576153	1.200843	0.273836
1705	0.576152	1.200848	0.271314
1706	0.576151	1.200853	0.270645
1707	0.576151	1.200858	0.284740
1708	0.576150	1.200863	0.270479
1709	0.576150	1.200869	0.268207
1710	0.576149	1.200874	0.269123
1711	0.576149	1.200879	0.289518
1712	0.576148	1.200884	0.268059
1713	0.576148	1.200889	0.267954
1714	0.576147	1.200895	0.277143
1715	0.576146	1.200900	0.268277
1716	0.576146	1.200905	0.267205
1717	0.576145	1.200910	0.267316
1718	0.576145	1.200916	0.276705
1719	0.576144	1.200921	0.269326
1720	0.576144	1.200926	0.267612
1721	0.576143	1.200931	0.267424
1722	0.576143	1.200937	0.292835
1723	0.576142	1.200942	0.271182
1724	0.576142	1.200947	0.268277
1725	0.576141	1.200952	0.279010
1726	0.576141	1.200957	0.271070
1727	0.576140	1.200963	0.272620
1728	0.576139	1.200968	0.286425
1729	0.576139	1.200973	0.285671
1730	0.576138	1.200978	0.272062
1731	0.576138	1.200984	0.275031
1732	0.576137	1.200989	0.290040
1733	0.576137	1.200994	0.269904
1734	0.576136	1.200999	0.269676
1735	0.576136	1.201005	0.268752
1736	0.576135	1.201010	0.283118
1737	0.576135	1.201015	0.270538
1738	0.576134	1.201020	0.270981
1739	0.576134	1.201026	0.270589
1740	0.576133	1.201031	0.290889
1741	0.576133	1.201036	0.270255
1742	0.576132	1.201041	0.271071
1743	0.576131	1.201047	0.283737
1744	0.576131	1.201052	0.269736
1745	0.576130	1.201057	0.269705
1746	0.576130	1.201062	0.269323
1747	0.576129	1.201068	0.283611
1748	0.576129	1.201073	0.270734
1749	0.576128	1.201078	0.270951
1750	0.576128	1.201084	0.271166
1751	0.576127	1.201089	0.283552
1752	0.576127	1.201094	0.268387
1753	0.576126	1.201099	0.267623
1754	0.576126	1.201105	0.284362
1755	0.576125	1.201110	0.268738
1756	0.576125	1.201115	0.269622
1757	0.576124	1.201120	0.269024
1758	0.576124	1.201126	0.281716
1759	0.576123	1.201131	0.268035
1760	0.576123	1.201136	0.266917
1761	0.576122	1.201142	0.267896
1762	0.576122	1.201147	0.289606
1763	0.576121	1.201152	0.268246
1764	0.576120	1.201157	0.268594
1765	0.576120	1.201163	0.288513
1766	0.576119	1.201168	0.274423
1767	0.576119	1.201173	0.274940
1768	0.576118	1.201179	0.268995
1769	0.576118	1.201184	0.286572
1770	0.576117	1.201189	0.273109
1771	0.576117	1.201194	0.277140
1772	0.576116	1.201200	0.276888
1773	0.576116	1.201205	0.282316
1774	0.576115	1.201210	0.269604
1775	0.576115	1.201216	0.267853
1776	0.576114	1.201221	0.289446
1777	0.576114	1.201226	0.274731
1778	0.576113	1.201231	0.270427
1779	0.576113	1.201237	0.270014
1780	0.576112	1.201242	0.283895
1781	0.576112	1.201247	0.267933
1782	0.576111	1.201253	0.267615
1783	0.576111	1.201258	0.274709
1784	0.576110	1.201263	0.271113
1785	0.576110	1.201269	0.269973
1786	0.576109	1.201274	0.269506
1787	0.576109	1.201279	0.289296
1788	0.576108	1.201285	0.269438
1789	0.576108	1.201290	0.268954
1790	0.576107	1.201295	0.267452
1791	0.576107	1.201301	0.279229
1792	0.576106	1.201306	0.268517
1793	0.576106	1.201311	0.267083
1794	0.576105	1.201316	0.286986
1795	0.576105	1.201322	0.268111
1796	0.576104	1.201327	0.271049
1797	0.576104	1.201332	0.267500
1798	0.576103	1.201338	0.284848
1799	0.576103	1.201343	0.270760
1800	0.576102	1.201348	0.270233
1801	0.576102	1.201354	0.269911
1802	0.576101	1.201359	0.283411
1803	0.576101	1.201364	0.269333
1804	0.576100	1.201370	0.268464
1805	0.576100	1.201375	0.278070
1806	0.576099	1.201380	0.272920
1807	0.576099	1.201386	0.277848
1808	0.576098	1.201391	0.267358
1809	0.576098	1.201396	0.291577
1810	0.576097	1.201402	0.272195
1811	0.576097	1.201407	0.270611
1812	0.576096	1.201412	0.270037
1813	0.576096	1.201418	0.282619
1814	0.576095	1.201423	0.267750
1815	0.576095	1.201428	0.267033
1816	0.576094	1.201434	0.277650
1817	0.576094	1.201439	0.271264
1818	0.576093	1.201444	0.269983
1819	0.576093	1.201450	0.269281
1820	0.576092	1.201455	0.281968
1821	0.576092	1.201461	0.270105
1822	0.576091	1.201466	0.272393
1823	0.576091	1.201471	0.267607
1824	0.576090	1.201477	0.281821
1825	0.576090	1.201482	0.267898
1826	0.576089	1.201487	0.267507
1827	0.576089	1.201493	0.276438
1828	0.576088	1.201498	0.273322
1829	0.576088	1.201503	0.269910
1830	0.576087	1.201509	0.267430
1831	0.576087	1.201514	0.287069
1832	0.576086	1.201519	0.268643
1833	0.576086	1.201525	0.269742
1834	0.576085	1.201530	0.269778
1835	0.576085	1.201536	0.280898
1836	0.576084	1.201541	0.268016
1837	0.576084	1.201546	0.278887
1838	0.576083	1.201552	0.290530
1839	0.576083	1.201557	0.305843
1840	0.576083	1.201562	0.285903
1841	0.576082	1.201568	0.277399
1842	0.576082	1.201573	0.286277
1843	0.576081	1.201579	0.272783
1844	0.576081	1.201584	0.271111
1845	0.576080	1.201589	0.282301
1846	0.576080	1.201595	0.267821
1847	0.576079	1.201600	0.267474
1848	0.576079	1.201605	0.267501
1849	0.576078	1.201611	0.275964
1850	0.576078	1.201616	0.273712
1851	0.576077	1.201622	0.270793
1852	0.576077	1.201627	0.269814
1853	0.576076	1.201632	0.299211
1854	0.576076	1.201638	0.269779
1855	0.576075	1.201643	0.268731
1856	0.576075	1.201648	0.276974
1857	0.576074	1.201654	0.267267
1858	0.576074	1.201659	0.267905
1859	0.576073	1.201665	0.267517
1860	0.576073	1.201670	0.283711
1861	0.576072	1.201675	0.275153
1862	0.576072	1.201681	0.269374
1863	0.576072	1.201686	0.269729
1864	0.576071	1.201692	0.292242
1865	0.576071	1.201697	0.268149
1866	0.576070	1.201702	0.268657
1867	0.576070	1.201708	0.286004
1868	0.576069	1.201713	0.271091
1869	0.576069	1.201719	0.269992
1870	0.576068	1.201724	0.270083
1871	0.576068	1.201729	0.284356
1872	0.576067	1.201735	0.268118
1873	0.576067	1.201740	0.267911
1874	0.576066	1.201746	0.268193
1875	0.576066	1.201751	0.290747
1876	0.576065	1.201757	0.273077
1877	0.576065	1.201762	0.267991
1878	0.576065	1.201767	0.289363
1879	0.576064	1.201773	0.269114
1880	0.576064	1.201778	0.267740
1881	0.576063	1.201784	0.267166
1882	0.576063	1.201789	0.280829
1883	0.576062	1.201794	0.269142
1884	0.576062	1.201800	0.269178
1885	0.576061	1.201805	0.271913
1886	0.576061	1.201811	0.287876
1887	0.576060	1.201816	0.274598
1888	0.576060	1.201822	0.267214
1889	0.576059	1.201827	0.277676
1890	0.576059	1.201832	0.269941
1891	0.576059	1.201838	0.266843
1892	0.576058	1.201843	0.270226
1893	0.576058	1.201849	0.285954
1894	0.576057	1.201854	0.268323
1895	0.576057	1.201860	0.267730
1896	0.576056	1.201865	0.276230
1897	0.576056	1.201870	0.282091
1898	0.576055	1.201876	0.269773
1899	0.576055	1.201881	0.269543
1900	0.576054	1.201887	0.282980
1901	0.576054	1.201892	0.269727
1902	0.576053	1.201898	0.267033
1903	0.576053	1.201903	0.266663
1904	0.576053	1.201908	0.276076
1905	0.576052	1.201914	0.269946
1906	0.576052	1.201919	0.270666
1907	0.576051	1.201925	0.284022
1908	0.576051	1.201930	0.270864
1909	0.576050	1.201936	0.266881
1910	0.576050	1.201941	0.266968
1911	0.576049	1.201947	0.281111
1912	0.576049	1.201952	0.268880
1913	0.576049	1.201957	0.266580
1914	0.576048	1.201963	0.266770
1915	0.576048	1.201968	0.282989
1916	0.576047	1.201974	0.272241
1917	0.576047	1.201979	0.270473
1918	0.576046	1.201985	0.276814
1919	0.576046	1.201990	0.279643
1920	0.576045	1.201996	0.267167
1921	0.576045	1.202001	0.268551
1922	0.576044	1.202007	0.281692
1923	0.576044	1.202012	0.269485
1924	0.576044	1.202018	0.268157
1925	0.576043	1.202023	0.267855
1926	0.576043	1.202028	0.278144
1927	0.576042	1.202034	0.267965
1928	0.576042	1.202039	0.266667
1929	0.576041	1.202045	0.268914
1930	0.576041	1.202050	0.287146
1931	0.576040	1.202056	0.269935
1932	0.576040	1.202061	0.266973
1933	0.576040	1.202067	0.278575
1934	0.576039	1.202072	0.270251
1935	0.576039	1.202078	0.269463
1936	0.576038	1.202083	0.269365
1937	0.576038	1.202089	0.282533
1938	0.576037	1.202094	0.268888
1939	0.576037	1.202100	0.269038
1940	0.576037	1.202105	0.270722
1941	0.576036	1.202111	0.288868
1942	0.576036	1.202116	0.276833
1943	0.576035	1.202122	0.269119
1944	0.576035	1.202127	0.287352
1945	0.576034	1.202132	0.268365
1946	0.576034	1.202138	0.268265
1947	0.576033	1.202143	0.269707
1948	0.576033	1.202149	0.277925
1949	0.576033	1.202154	0.283005
1950	0.576032	1.202160	0.281917
1951	0.576032	1.202165	0.296400
1952	0.576031	1.202171	0.268153
1953	0.576031	1.202176	0.269338
1954	0.576030	1.202182	0.268298
1955	0.576030	1.202187	0.280234
1956	0.576030	1.202193	0.269088
1957	0.576029	1.202198	0.269108
1958	0.576029	1.202204	0.269362
1959	0.576028	1.202209	0.285605
1960	0.576028	1.202215	0.271919
1961	0.576027	1.202220	0.270631
1962	0.576027	1.202226	0.291182
1963	0.576027	1.202231	0.267990
1964	0.576026	1.202237	0.271331
1965	0.576026	1.202242	0.269379
1966	0.576025	1.202248	0.285349
1967	0.576025	1.202253	0.270558
1968	0.576024	1.202259	0.269663
1969	0.576024	1.202264	0.270856
1970	0.576024	1.202270	0.277258
1971	0.576023	1.202275	0.269060
1972	0.576023	1.202281	0.267597
1973	0.576022	1.202286	0.293635
1974	0.576022	1.202292	0.268953
1975	0.576021	1.202297	0.269277
1976	0.576021	1.202303	0.268762
1977	0.576021	1.202308	0.281301
1978	0.576020	1.202314	0.271722
1979	0.576020	1.202320	0.269537
1980	0.576019	1.202325	0.270103
1981	0.576019	1.202331	0.284275
1982	0.576018	1.202336	0.267279
1983	0.576018	1.202342	0.266978
1984	0.576018	1.202347	0.285213
1985	0.576017	1.202353	0.269039
1986	0.576017	1.202358	0.270597
1987	0.576016	1.202364	0.269675
1988	0.576016	1.202369	0.277712
1989	0.576015	1.202375	0.269440
1990	0.576015	1.202380	0.269076
1991	0.576015	1.202386	0.267975
1992	0.576014	1.202391	0.283042
1993	0.576014	1.202397	0.269501
1994	0.576013	1.202402	0.270164
1995	0.576013	1.202408	0.287913
1996	0.576013	1.202413	0.271719
1997	0.576012	1.202419	0.267193
1998	0.576012	1.202425	0.266881
1999	0.576011	1.202430	0.278952